T,MSD
0,0
0.005,0.000112501
0.01,0.000450009
0.015,0.00101254
0.02,0.00180014
0.025,0.00281284
0.03,0.00405071
0.035,0.00551382
0.04,0.00720226
0.045,0.00911612
0.05,0.0112555
0.055,0.0136206
0.06,0.0162115
0.065,0.0190284
0.07,0.0220715
0.075,0.025341
0.08,0.028837
0.085,0.0325598
0.09,0.0365098
0.095,0.040687
0.1,0.045092
0.105,0.0497249
0.11,0.0545862
0.115,0.0596761
0.12,0.0649952
0.125,0.0705439
0.13,0.0763225
0.135,0.0823317
0.14,0.0885719
0.145,0.0950437
0.15,0.101748
0.155,0.108685
0.16,0.115855
0.165,0.12326
0.17,0.130899
0.175,0.138774
0.18,0.146886
0.185,0.155235
0.19,0.163821
0.195,0.172646
0.2,0.18171
0.205,0.191013
0.21,0.200556
0.215,0.210338
0.22,0.22036
0.225,0.230619
0.23,0.241114
0.235,0.251842
0.24,0.2628
0.245,0.273981
0.25,0.285382
0.255,0.296999
0.26,0.308827
0.265,0.320865
0.27,0.333109
0.275,0.345559
0.28,0.358214
0.285,0.371073
0.29,0.384136
0.295,0.397403
0.3,0.410873
0.305,0.424545
0.31,0.438414
0.315,0.45248
0.32,0.466739
0.325,0.481188
0.33,0.495825
0.335,0.510651
0.34,0.525664
0.345,0.540867
0.35,0.556261
0.355,0.571848
0.36,0.58763
0.365,0.603607
0.37,0.61978
0.375,0.636144
0.38,0.652699
0.385,0.66944
0.39,0.686362
0.395,0.703462
0.4,0.720739
0.405,0.738192
0.41,0.755821
0.415,0.773626
0.42,0.791606
0.425,0.809759
0.43,0.828082
0.435,0.846572
0.44,0.865229
0.445,0.884053
0.45,0.903046
0.455,0.92221
0.46,0.941547
0.465,0.961058
0.47,0.980746
0.475,1.00061
0.48,1.02066
0.485,1.04089
0.49,1.0613
0.495,1.0819
0.5,1.10268
0.505,1.12365
0.51,1.1448
0.515,1.16615
0.52,1.18768
0.525,1.20939
0.53,1.23129
0.535,1.25338
0.54,1.27565
0.545,1.29809
0.55,1.32071
0.555,1.34351
0.56,1.36648
0.565,1.38963
0.57,1.41296
0.575,1.43646
0.58,1.46016
0.585,1.48403
0.59,1.50809
0.595,1.53232
0.6,1.55672
0.605,1.58129
0.61,1.606
0.615,1.63087
0.62,1.65588
0.625,1.68104
0.63,1.70635
0.635,1.73183
0.64,1.75747
0.645,1.78329
0.65,1.80928
0.655,1.83543
0.66,1.86176
0.665,1.88824
0.67,1.91488
0.675,1.94169
0.68,1.96865
0.685,1.99577
0.69,2.02306
0.695,2.05051
0.7,2.07813
0.705,2.10592
0.71,2.13389
0.715,2.16201
0.72,2.1903
0.725,2.21875
0.73,2.24734
0.735,2.27607
0.74,2.30494
0.745,2.33393
0.75,2.36305
0.755,2.3923
0.76,2.42168
0.765,2.45118
0.77,2.48083
0.775,2.51061
0.78,2.54054
0.785,2.57061
0.79,2.60083
0.795,2.63121
0.8,2.66174
0.805,2.69243
0.81,2.72327
0.815,2.75426
0.82,2.7854
0.825,2.81668
0.83,2.84811
0.835,2.87969
0.84,2.91141
0.845,2.94329
0.85,2.9753
0.855,3.00747
0.86,3.03977
0.865,3.07222
0.87,3.10481
0.875,3.13754
0.88,3.17041
0.885,3.20343
0.89,3.2366
0.895,3.26992
0.9,3.3034
0.905,3.33703
0.91,3.37081
0.915,3.40476
0.92,3.43886
0.925,3.47311
0.93,3.50753
0.935,3.5421
0.94,3.57682
0.945,3.6117
0.95,3.64672
0.955,3.68188
0.96,3.71717
0.965,3.7526
0.97,3.78814
0.975,3.8238
0.98,3.85958
0.985,3.89546
0.99,3.93144
0.995,3.96753
1,4.00371
1.005,4.03999
1.01,4.07635
1.015,4.11279
1.02,4.14931
1.025,4.18592
1.03,4.22261
1.035,4.25941
1.04,4.29632
1.045,4.33333
1.05,4.37047
1.055,4.40774
1.06,4.44514
1.065,4.48268
1.07,4.52035
1.075,4.55816
1.08,4.59611
1.085,4.6342
1.09,4.67242
1.095,4.71077
1.1,4.74925
1.105,4.78785
1.11,4.82658
1.115,4.86541
1.12,4.90435
1.125,4.9434
1.13,4.98254
1.135,5.02179
1.14,5.06113
1.145,5.10056
1.15,5.14009
1.155,5.17973
1.16,5.21947
1.165,5.25931
1.17,5.29927
1.175,5.33934
1.18,5.37952
1.185,5.41981
1.19,5.46022
1.195,5.50073
1.2,5.54136
1.205,5.58209
1.21,5.62291
1.215,5.66384
1.22,5.70486
1.225,5.74599
1.23,5.78721
1.235,5.82854
1.24,5.86999
1.245,5.91157
1.25,5.95327
1.255,5.9951
1.26,6.03707
1.265,6.07918
1.27,6.12142
1.275,6.16379
1.28,6.20631
1.285,6.24896
1.29,6.29176
1.295,6.3347
1.3,6.37779
1.305,6.42104
1.31,6.46444
1.315,6.50799
1.32,6.55171
1.325,6.59557
1.33,6.63958
1.335,6.68372
1.34,6.728
1.345,6.77239
1.35,6.81689
1.355,6.86149
1.36,6.9062
1.365,6.95101
1.37,6.99592
1.375,7.04094
1.38,7.08605
1.385,7.13125
1.39,7.17652
1.395,7.22187
1.4,7.26728
1.405,7.31276
1.41,7.35831
1.415,7.40394
1.42,7.44963
1.425,7.4954
1.43,7.54125
1.435,7.58717
1.44,7.63316
1.445,7.67924
1.45,7.72539
1.455,7.77162
1.46,7.81793
1.465,7.86434
1.47,7.91084
1.475,7.95742
1.48,8.0041
1.485,8.05087
1.49,8.09773
1.495,8.14467
1.5,8.1917
1.505,8.2388
1.51,8.28598
1.515,8.33323
1.52,8.38056
1.525,8.42796
1.53,8.47542
1.535,8.52297
1.54,8.57058
1.545,8.61829
1.55,8.66608
1.555,8.71397
1.56,8.76195
1.565,8.81004
1.57,8.85823
1.575,8.90652
1.58,8.95491
1.585,9.00339
1.59,9.05196
1.595,9.10061
1.6,9.14932
1.605,9.19811
1.61,9.24696
1.615,9.2959
1.62,9.34493
1.625,9.39405
1.63,9.44328
1.635,9.49262
1.64,9.54206
1.645,9.59163
1.65,9.64131
1.655,9.69112
1.66,9.74104
1.665,9.79109
1.67,9.84126
1.675,9.89153
1.68,9.94189
1.685,9.99234
1.69,10.0429
1.695,10.0935
1.7,10.1441
1.705,10.1948
1.71,10.2456
1.715,10.2964
1.72,10.3473
1.725,10.3982
1.73,10.4492
1.735,10.5003
1.74,10.5514
1.745,10.6026
1.75,10.6539
1.755,10.7053
1.76,10.7568
1.765,10.8083
1.77,10.86
1.775,10.9118
1.78,10.9636
1.785,11.0155
1.79,11.0675
1.795,11.1195
1.8,11.1715
1.805,11.2236
1.81,11.2757
1.815,11.3279
1.82,11.3801
1.825,11.4324
1.83,11.4847
1.835,11.5372
1.84,11.5896
1.845,11.6422
1.85,11.6948
1.855,11.7475
1.86,11.8003
1.865,11.8531
1.87,11.906
1.875,11.959
1.88,12.012
1.885,12.0651
1.89,12.1184
1.895,12.1717
1.9,12.2251
1.905,12.2785
1.91,12.3321
1.915,12.3857
1.92,12.4394
1.925,12.4931
1.93,12.5469
1.935,12.6007
1.94,12.6546
1.945,12.7085
1.95,12.7626
1.955,12.8166
1.96,12.8708
1.965,12.925
1.97,12.9792
1.975,13.0336
1.98,13.088
1.985,13.1426
1.99,13.1972
1.995,13.2519
2,13.3067
2.005,13.3616
2.01,13.4167
2.015,13.4718
2.02,13.527
2.025,13.5824
2.03,13.6378
2.035,13.6934
2.04,13.7491
2.045,13.8049
2.05,13.8608
2.055,13.9169
2.06,13.973
2.065,14.0293
2.07,14.0857
2.075,14.1422
2.08,14.1987
2.085,14.2553
2.09,14.312
2.095,14.3688
2.1,14.4256
2.105,14.4825
2.11,14.5395
2.115,14.5966
2.12,14.6537
2.125,14.7109
2.13,14.7683
2.135,14.8257
2.14,14.8832
2.145,14.9408
2.15,14.9984
2.155,15.0561
2.16,15.1139
2.165,15.1717
2.17,15.2296
2.175,15.2876
2.18,15.3457
2.185,15.4038
2.19,15.4621
2.195,15.5204
2.2,15.5789
2.205,15.6374
2.21,15.6961
2.215,15.7548
2.22,15.8137
2.225,15.8727
2.23,15.9318
2.235,15.991
2.24,16.0502
2.245,16.1096
2.25,16.169
2.255,16.2284
2.26,16.2879
2.265,16.3475
2.27,16.4072
2.275,16.467
2.28,16.5269
2.285,16.5869
2.29,16.6469
2.295,16.7071
2.3,16.7674
2.305,16.8277
2.31,16.8881
2.315,16.9486
2.32,17.0091
2.325,17.0696
2.33,17.1302
2.335,17.1908
2.34,17.2515
2.345,17.3122
2.35,17.373
2.355,17.4338
2.36,17.4946
2.365,17.5554
2.37,17.6162
2.375,17.6771
2.38,17.7379
2.385,17.7988
2.39,17.8596
2.395,17.9204
2.4,17.9812
2.405,18.0419
2.41,18.1027
2.415,18.1634
2.42,18.2242
2.425,18.285
2.43,18.3458
2.435,18.4066
2.44,18.4675
2.445,18.5284
2.45,18.5894
2.455,18.6505
2.46,18.7116
2.465,18.7728
2.47,18.8341
2.475,18.8954
2.48,18.9569
2.485,19.0184
2.49,19.0801
2.495,19.1418
2.5,19.2037
2.505,19.2656
2.51,19.3277
2.515,19.3898
2.52,19.452
2.525,19.5143
2.53,19.5767
2.535,19.6391
2.54,19.7017
2.545,19.7643
2.55,19.8269
2.555,19.8897
2.56,19.9526
2.565,20.0155
2.57,20.0785
2.575,20.1416
2.58,20.2047
2.585,20.2678
2.59,20.3308
2.595,20.3939
2.6,20.4569
2.605,20.5198
2.61,20.5826
2.615,20.6454
2.62,20.708
2.625,20.7706
2.63,20.8332
2.635,20.8957
2.64,20.9582
2.645,21.0206
2.65,21.0832
2.655,21.1457
2.66,21.2083
2.665,21.271
2.67,21.3337
2.675,21.3965
2.68,21.4594
2.685,21.5223
2.69,21.5854
2.695,21.6484
2.7,21.7116
2.705,21.7749
2.71,21.8382
2.715,21.9017
2.72,21.9652
2.725,22.0288
2.73,22.0925
2.735,22.1563
2.74,22.2201
2.745,22.284
2.75,22.348
2.755,22.412
2.76,22.476
2.765,22.5401
2.77,22.6042
2.775,22.6683
2.78,22.7323
2.785,22.7963
2.79,22.8604
2.795,22.9244
2.8,22.9884
2.805,23.0523
2.81,23.1163
2.815,23.1803
2.82,23.2442
2.825,23.3082
2.83,23.3722
2.835,23.4363
2.84,23.5004
2.845,23.5645
2.85,23.6287
2.855,23.6929
2.86,23.7571
2.865,23.8214
2.87,23.8857
2.875,23.95
2.88,24.0143
2.885,24.0787
2.89,24.143
2.895,24.2072
2.9,24.2715
2.905,24.3358
2.91,24.4
2.915,24.4643
2.92,24.5285
2.925,24.5927
2.93,24.6569
2.935,24.7211
2.94,24.7853
2.945,24.8495
2.95,24.9137
2.955,24.9779
2.96,25.0422
2.965,25.1066
2.97,25.171
2.975,25.2354
2.98,25.3
2.985,25.3646
2.99,25.4292
2.995,25.494
3,25.5588
3.005,25.6237
3.01,25.6886
3.015,25.7536
3.02,25.8187
3.025,25.8838
3.03,25.9489
3.035,26.014
3.04,26.0792
3.045,26.1444
3.05,26.2096
3.055,26.2749
3.06,26.3402
3.065,26.4055
3.07,26.4709
3.075,26.5363
3.08,26.6017
3.085,26.6671
3.09,26.7325
3.095,26.7979
3.1,26.8633
3.105,26.9287
3.11,26.994
3.115,27.0593
3.12,27.1246
3.125,27.19
3.13,27.2553
3.135,27.3207
3.14,27.3861
3.145,27.4516
3.15,27.517
3.155,27.5825
3.16,27.6481
3.165,27.7136
3.17,27.7793
3.175,27.845
3.18,27.9108
3.185,27.9767
3.19,28.0427
3.195,28.1088
3.2,28.175
3.205,28.2412
3.21,28.3075
3.215,28.3738
3.22,28.4403
3.225,28.5067
3.23,28.5732
3.235,28.6398
3.24,28.7064
3.245,28.7731
3.25,28.8397
3.255,28.9063
3.26,28.973
3.265,29.0396
3.27,29.1063
3.275,29.1729
3.28,29.2396
3.285,29.3063
3.29,29.3731
3.295,29.4399
3.3,29.5068
3.305,29.5737
3.31,29.6407
3.315,29.7078
3.32,29.775
3.325,29.8422
3.33,29.9095
3.335,29.9768
3.34,30.0441
3.345,30.1114
3.35,30.1788
3.355,30.2462
3.36,30.3136
3.365,30.381
3.37,30.4485
3.375,30.516
3.38,30.5836
3.385,30.6513
3.39,30.7189
3.395,30.7867
3.4,30.8545
3.405,30.9223
3.41,30.9901
3.415,31.0579
3.42,31.1258
3.425,31.1936
3.43,31.2615
3.435,31.3294
3.44,31.3973
3.445,31.4653
3.45,31.5333
3.455,31.6014
3.46,31.6696
3.465,31.7378
3.47,31.8062
3.475,31.8746
3.48,31.9432
3.485,32.0119
3.49,32.0807
3.495,32.1497
3.5,32.2187
3.505,32.2878
3.51,32.357
3.515,32.4262
3.52,32.4955
3.525,32.5647
3.53,32.6339
3.535,32.7031
3.54,32.7723
3.545,32.8415
3.55,32.9108
3.555,32.98
3.56,33.0492
3.565,33.1184
3.57,33.1876
3.575,33.2566
3.58,33.3256
3.585,33.3946
3.59,33.4634
3.595,33.5323
3.6,33.6011
3.605,33.6699
3.61,33.7387
3.615,33.8075
3.62,33.8764
3.625,33.9453
3.63,34.0143
3.635,34.0832
3.64,34.1522
3.645,34.2211
3.65,34.29
3.655,34.3589
3.66,34.4277
3.665,34.4964
3.67,34.5651
3.675,34.6338
3.68,34.7023
3.685,34.7708
3.69,34.8393
3.695,34.9076
3.7,34.9759
3.705,35.0442
3.71,35.1125
3.715,35.1807
3.72,35.249
3.725,35.3173
3.73,35.3857
3.735,35.4541
3.74,35.5226
3.745,35.5911
3.75,35.6597
3.755,35.7283
3.76,35.797
3.765,35.8657
3.77,35.9344
3.775,36.0032
3.78,36.072
3.785,36.1408
3.79,36.2096
3.795,36.2784
3.8,36.3472
3.805,36.416
3.81,36.4848
3.815,36.5536
3.82,36.6223
3.825,36.6911
3.83,36.7599
3.835,36.8287
3.84,36.8976
3.845,36.9666
3.85,37.0356
3.855,37.1047
3.86,37.1739
3.865,37.2432
3.87,37.3126
3.875,37.3821
3.88,37.4517
3.885,37.5214
3.89,37.5912
3.895,37.6612
3.9,37.7312
3.905,37.8014
3.91,37.8716
3.915,37.942
3.92,38.0124
3.925,38.0829
3.93,38.1535
3.935,38.224
3.94,38.2946
3.945,38.3652
3.95,38.4358
3.955,38.5064
3.96,38.577
3.965,38.6477
3.97,38.7184
3.975,38.7891
3.98,38.8599
3.985,38.9308
3.99,39.0017
3.995,39.0727
4,39.1437
4.005,39.2148
4.01,39.2859
4.015,39.3571
4.02,39.4283
4.025,39.4995
4.03,39.5708
4.035,39.6421
4.04,39.7135
4.045,39.7849
4.05,39.8563
4.055,39.9277
4.06,39.9992
4.065,40.0706
4.07,40.1421
4.075,40.2137
4.08,40.2853
4.085,40.3569
4.09,40.4286
4.095,40.5004
4.1,40.5722
4.105,40.6441
4.11,40.716
4.115,40.788
4.12,40.86
4.125,40.9321
4.13,41.0041
4.135,41.0762
4.14,41.1482
4.145,41.2203
4.15,41.2923
4.155,41.3643
4.16,41.4362
4.165,41.5081
4.17,41.58
4.175,41.6519
4.18,41.7238
4.185,41.7956
4.19,41.8676
4.195,41.9395
4.2,42.0115
4.205,42.0835
4.21,42.1556
4.215,42.2278
4.22,42.3001
4.225,42.3725
4.23,42.4449
4.235,42.5173
4.24,42.5898
4.245,42.6623
4.25,42.7348
4.255,42.8072
4.26,42.8796
4.265,42.9521
4.27,43.0245
4.275,43.0969
4.28,43.1693
4.285,43.2417
4.29,43.3141
4.295,43.3865
4.3,43.4589
4.305,43.5314
4.31,43.6038
4.315,43.6763
4.32,43.7489
4.325,43.8214
4.33,43.8939
4.335,43.9664
4.34,44.0388
4.345,44.1112
4.35,44.1834
4.355,44.2554
4.36,44.3272
4.365,44.3988
4.37,44.4702
4.375,44.5415
4.38,44.6127
4.385,44.684
4.39,44.7552
4.395,44.8265
4.4,44.8978
4.405,44.9693
4.41,45.0408
4.415,45.1124
4.42,45.1842
4.425,45.256
4.43,45.328
4.435,45.4001
4.44,45.4722
4.445,45.5445
4.45,45.6168
4.455,45.6893
4.46,45.7617
4.465,45.8342
4.47,45.9068
4.475,45.9793
4.48,46.0519
4.485,46.1245
4.49,46.1971
4.495,46.2697
4.5,46.3423
4.505,46.4149
4.51,46.4875
4.515,46.5602
4.52,46.633
4.525,46.7058
4.53,46.7787
4.535,46.8516
4.54,46.9246
4.545,46.9976
4.55,47.0706
4.555,47.1436
4.56,47.2165
4.565,47.2894
4.57,47.3622
4.575,47.4348
4.58,47.5074
4.585,47.58
4.59,47.6525
4.595,47.7249
4.6,47.7974
4.605,47.8699
4.61,47.9424
4.615,48.0149
4.62,48.0874
4.625,48.1599
4.63,48.2325
4.635,48.305
4.64,48.3776
4.645,48.4501
4.65,48.5226
4.655,48.5951
4.66,48.6676
4.665,48.74
4.67,48.8124
4.675,48.8848
4.68,48.9571
4.685,49.0295
4.69,49.1019
4.695,49.1743
4.7,49.2467
4.705,49.3192
4.71,49.3917
4.715,49.4643
4.72,49.537
4.725,49.6097
4.73,49.6825
4.735,49.7553
4.74,49.8282
4.745,49.9012
4.75,49.9743
4.755,50.0474
4.76,50.1206
4.765,50.1938
4.77,50.2671
4.775,50.3405
4.78,50.4139
4.785,50.4874
4.79,50.5609
4.795,50.6345
4.8,50.708
4.805,50.7816
4.81,50.8553
4.815,50.9289
4.82,51.0025
4.825,51.0762
4.83,51.1498
4.835,51.2234
4.84,51.2971
4.845,51.3707
4.85,51.4442
4.855,51.5178
4.86,51.5912
4.865,51.6647
4.87,51.738
4.875,51.8114
4.88,51.8846
4.885,51.9579
4.89,52.0311
4.895,52.1043
4.9,52.1775
4.905,52.2507
4.91,52.3239
4.915,52.397
4.92,52.4702
4.925,52.5433
4.93,52.6164
4.935,52.6895
4.94,52.7625
4.945,52.8355
4.95,52.9084
4.955,52.9812
4.96,53.054
4.965,53.1268
4.97,53.1995
4.975,53.2722
4.98,53.345
4.985,53.4176
4.99,53.4903
4.995,53.5629
5,53.6354
5.005,53.7077
5.01,53.78
5.015,53.8521
5.02,53.924
5.025,53.9957
5.03,54.0673
5.035,54.1386
5.04,54.2099
5.045,54.281
5.05,54.352
5.055,54.4229
5.06,54.4938
5.065,54.5646
5.07,54.6353
5.075,54.706
5.08,54.7767
5.085,54.8473
5.09,54.9179
5.095,54.9884
5.1,55.0589
5.105,55.1294
5.11,55.1998
5.115,55.2703
5.12,55.3408
5.125,55.4113
5.13,55.4819
5.135,55.5526
5.14,55.6233
5.145,55.6942
5.15,55.7651
5.155,55.836
5.16,55.9071
5.165,55.9782
5.17,56.0494
5.175,56.1207
5.18,56.1921
5.185,56.2636
5.19,56.3352
5.195,56.4069
5.2,56.4786
5.205,56.5505
5.21,56.6225
5.215,56.6946
5.22,56.7668
5.225,56.8392
5.23,56.9116
5.235,56.9842
5.24,57.0568
5.245,57.1295
5.25,57.2023
5.255,57.2752
5.26,57.3481
5.265,57.4211
5.27,57.4941
5.275,57.5671
5.28,57.6402
5.285,57.7132
5.29,57.7863
5.295,57.8593
5.3,57.9323
5.305,58.0053
5.31,58.0782
5.315,58.1512
5.32,58.2241
5.325,58.2971
5.33,58.37
5.335,58.4429
5.34,58.5157
5.345,58.5886
5.35,58.6614
5.355,58.7341
5.36,58.8069
5.365,58.8796
5.37,58.9523
5.375,59.0251
5.38,59.0978
5.385,59.1705
5.39,59.2433
5.395,59.3161
5.4,59.3889
5.405,59.4617
5.41,59.5345
5.415,59.6073
5.42,59.6801
5.425,59.753
5.43,59.8258
5.435,59.8986
5.44,59.9714
5.445,60.0442
5.45,60.1169
5.455,60.1897
5.46,60.2624
5.465,60.3351
5.47,60.4077
5.475,60.4803
5.48,60.5529
5.485,60.6254
5.49,60.6978
5.495,60.7701
5.5,60.8423
5.505,60.9145
5.51,60.9865
5.515,61.0585
5.52,61.1304
5.525,61.2023
5.53,61.2741
5.535,61.3459
5.54,61.4177
5.545,61.4895
5.55,61.5614
5.555,61.6332
5.56,61.705
5.565,61.7768
5.57,61.8487
5.575,61.9207
5.58,61.9927
5.585,62.0647
5.59,62.1369
5.595,62.2091
5.6,62.2814
5.605,62.3538
5.61,62.4263
5.615,62.4989
5.62,62.5716
5.625,62.6444
5.63,62.7173
5.635,62.7903
5.64,62.8635
5.645,62.9367
5.65,63.0101
5.655,63.0835
5.66,63.157
5.665,63.2306
5.67,63.3043
5.675,63.378
5.68,63.4518
5.685,63.5256
5.69,63.5994
5.695,63.6732
5.7,63.747
5.705,63.8208
5.71,63.8945
5.715,63.9683
5.72,64.0421
5.725,64.1158
5.73,64.1896
5.735,64.2633
5.74,64.3371
5.745,64.4108
5.75,64.4845
5.755,64.5583
5.76,64.6321
5.765,64.706
5.77,64.7799
5.775,64.8539
5.78,64.9279
5.785,65.0021
5.79,65.0765
5.795,65.1509
5.8,65.2254
5.805,65.3
5.81,65.3747
5.815,65.4495
5.82,65.5242
5.825,65.599
5.83,65.6737
5.835,65.7485
5.84,65.8233
5.845,65.8981
5.85,65.9729
5.855,66.0477
5.86,66.1225
5.865,66.1974
5.87,66.2723
5.875,66.3472
5.88,66.4222
5.885,66.4973
5.89,66.5724
5.895,66.6476
5.9,66.7228
5.905,66.7981
5.91,66.8734
5.915,66.9487
5.92,67.0241
5.925,67.0994
5.93,67.1748
5.935,67.2501
5.94,67.3254
5.945,67.4008
5.95,67.4761
5.955,67.5514
5.96,67.6267
5.965,67.7019
5.97,67.7772
5.975,67.8523
5.98,67.9275
5.985,68.0026
5.99,68.0776
5.995,68.1526
6,68.2276
6.005,68.3025
6.01,68.3773
6.015,68.4521
6.02,68.5269
6.025,68.6016
6.03,68.6762
6.035,68.7507
6.04,68.8252
6.045,68.8996
6.05,68.974
6.055,69.0484
6.06,69.1227
6.065,69.1971
6.07,69.2715
6.075,69.346
6.08,69.4205
6.085,69.495
6.09,69.5695
6.095,69.6441
6.1,69.7187
6.105,69.7932
6.11,69.8678
6.115,69.9424
6.12,70.0169
6.125,70.0914
6.13,70.1659
6.135,70.2403
6.14,70.3148
6.145,70.3892
6.15,70.4635
6.155,70.5379
6.16,70.6123
6.165,70.6866
6.17,70.7609
6.175,70.8351
6.18,70.9093
6.185,70.9835
6.19,71.0576
6.195,71.1316
6.2,71.2055
6.205,71.2794
6.21,71.3531
6.215,71.4268
6.22,71.5004
6.225,71.5739
6.23,71.6474
6.235,71.7208
6.24,71.7941
6.245,71.8674
6.25,71.9405
6.255,72.0136
6.26,72.0865
6.265,72.1593
6.27,72.232
6.275,72.3046
6.28,72.3771
6.285,72.4495
6.29,72.522
6.295,72.5944
6.3,72.6669
6.305,72.7395
6.31,72.812
6.315,72.8847
6.32,72.9574
6.325,73.0301
6.33,73.1029
6.335,73.1757
6.34,73.2485
6.345,73.3214
6.35,73.3941
6.355,73.4669
6.36,73.5397
6.365,73.6124
6.37,73.685
6.375,73.7576
6.38,73.8301
6.385,73.9026
6.39,73.975
6.395,74.0473
6.4,74.1196
6.405,74.1919
6.41,74.2642
6.415,74.3364
6.42,74.4086
6.425,74.4809
6.43,74.5531
6.435,74.6254
6.44,74.6978
6.445,74.7702
6.45,74.8426
6.455,74.9151
6.46,74.9877
6.465,75.0603
6.47,75.133
6.475,75.2059
6.48,75.2788
6.485,75.3518
6.49,75.425
6.495,75.4982
6.5,75.5716
6.505,75.6451
6.51,75.7187
6.515,75.7923
6.52,75.866
6.525,75.9397
6.53,76.0134
6.535,76.0871
6.54,76.1609
6.545,76.2347
6.55,76.3084
6.555,76.3822
6.56,76.456
6.565,76.5298
6.57,76.6037
6.575,76.6776
6.58,76.7515
6.585,76.8255
6.59,76.8994
6.595,76.9734
6.6,77.0473
6.605,77.1212
6.61,77.195
6.615,77.2687
6.62,77.3423
6.625,77.4159
6.63,77.4894
6.635,77.5628
6.64,77.6362
6.645,77.7096
6.65,77.783
6.655,77.8565
6.66,77.9299
6.665,78.0034
6.67,78.077
6.675,78.1506
6.68,78.2243
6.685,78.2981
6.69,78.3719
6.695,78.4458
6.7,78.5197
6.705,78.5937
6.71,78.6677
6.715,78.7417
6.72,78.8157
6.725,78.8897
6.73,78.9637
6.735,79.0378
6.74,79.1119
6.745,79.186
6.75,79.2602
6.755,79.3344
6.76,79.4086
6.765,79.4829
6.77,79.5572
6.775,79.6314
6.78,79.7057
6.785,79.7799
6.79,79.8541
6.795,79.9282
6.8,80.0023
6.805,80.0763
6.81,80.1502
6.815,80.2242
6.82,80.2981
6.825,80.372
6.83,80.4459
6.835,80.5198
6.84,80.5937
6.845,80.6677
6.85,80.7417
6.855,80.8158
6.86,80.8899
6.865,80.9641
6.87,81.0385
6.875,81.1129
6.88,81.1875
6.885,81.2622
6.89,81.337
6.895,81.412
6.9,81.4871
6.905,81.5622
6.91,81.6374
6.915,81.7126
6.92,81.7879
6.925,81.8631
6.93,81.9383
6.935,82.0135
6.94,82.0887
6.945,82.1638
6.95,82.2389
6.955,82.3139
6.96,82.3888
6.965,82.4637
6.97,82.5384
6.975,82.6131
6.98,82.6877
6.985,82.7622
6.99,82.8367
6.995,82.9112
7,82.9857
7.005,83.0601
7.01,83.1345
7.015,83.209
7.02,83.2834
7.025,83.3579
7.03,83.4323
7.035,83.5067
7.04,83.5811
7.045,83.6555
7.05,83.7298
7.055,83.8041
7.06,83.8784
7.065,83.9525
7.07,84.0266
7.075,84.1006
7.08,84.1745
7.085,84.2484
7.09,84.3223
7.095,84.3961
7.1,84.4699
7.105,84.5437
7.11,84.6175
7.115,84.6913
7.12,84.7651
7.125,84.839
7.13,84.9129
7.135,84.9869
7.14,85.0609
7.145,85.1349
7.15,85.2089
7.155,85.283
7.16,85.3571
7.165,85.4311
7.17,85.505
7.175,85.5788
7.18,85.6524
7.185,85.7259
7.19,85.7993
7.195,85.8726
7.2,85.9459
7.205,86.019
7.21,86.0922
7.215,86.1653
7.22,86.2385
7.225,86.3116
7.23,86.3848
7.235,86.4581
7.24,86.5313
7.245,86.6046
7.25,86.6779
7.255,86.7511
7.26,86.8244
7.265,86.8975
7.27,86.9706
7.275,87.0436
7.28,87.1165
7.285,87.1894
7.29,87.2621
7.295,87.3348
7.3,87.4074
7.305,87.48
7.31,87.5526
7.315,87.6252
7.32,87.6977
7.325,87.7703
7.33,87.8428
7.335,87.9154
7.34,87.9879
7.345,88.0605
7.35,88.133
7.355,88.2055
7.36,88.2781
7.365,88.3507
7.37,88.4233
7.375,88.496
7.38,88.5687
7.385,88.6415
7.39,88.7144
7.395,88.7873
7.4,88.8603
7.405,88.9333
7.41,89.0065
7.415,89.0797
7.42,89.1529
7.425,89.2263
7.43,89.2997
7.435,89.3731
7.44,89.4466
7.445,89.5202
7.45,89.5938
7.455,89.6674
7.46,89.7411
7.465,89.8149
7.47,89.8887
7.475,89.9626
7.48,90.0365
7.485,90.1104
7.49,90.1844
7.495,90.2584
7.5,90.3324
7.505,90.4065
7.51,90.4806
7.515,90.5548
7.52,90.629
7.525,90.7033
7.53,90.7777
7.535,90.8522
7.54,90.9267
7.545,91.0013
7.55,91.076
7.555,91.1506
7.56,91.2253
7.565,91.2999
7.57,91.3746
7.575,91.4491
7.58,91.5237
7.585,91.5982
7.59,91.6726
7.595,91.7471
7.6,91.8215
7.605,91.8958
7.61,91.9702
7.615,92.0445
7.62,92.1188
7.625,92.1931
7.63,92.2674
7.635,92.3417
7.64,92.4159
7.645,92.4902
7.65,92.5645
7.655,92.6389
7.66,92.7132
7.665,92.7877
7.67,92.8622
7.675,92.9367
7.68,93.0114
7.685,93.0861
7.69,93.161
7.695,93.2359
7.7,93.311
7.705,93.3861
7.71,93.4612
7.715,93.5364
7.72,93.6116
7.725,93.6868
7.73,93.7621
7.735,93.8374
7.74,93.9127
7.745,93.9879
7.75,94.0632
7.755,94.1384
7.76,94.2136
7.765,94.2888
7.77,94.3639
7.775,94.4389
7.78,94.514
7.785,94.589
7.79,94.664
7.795,94.7391
7.8,94.8141
7.805,94.8892
7.81,94.9644
7.815,95.0396
7.82,95.1148
7.825,95.1902
7.83,95.2656
7.835,95.3411
7.84,95.4168
7.845,95.4925
7.85,95.5684
7.855,95.6443
7.86,95.7203
7.865,95.7963
7.87,95.8725
7.875,95.9486
7.88,96.0248
7.885,96.101
7.89,96.1773
7.895,96.2536
7.9,96.3301
7.905,96.4066
7.91,96.4832
7.915,96.56
7.92,96.6368
7.925,96.7138
7.93,96.7909
7.935,96.8681
7.94,96.9453
7.945,97.0227
7.95,97.1002
7.955,97.1777
7.96,97.2552
7.965,97.3329
7.97,97.4106
7.975,97.4883
7.98,97.566
7.985,97.6439
7.99,97.7217
7.995,97.7996
8,97.8775
8.005,97.9554
8.01,98.0332
8.015,98.111
8.02,98.1888
8.025,98.2665
8.03,98.3441
8.035,98.4216
8.04,98.4991
8.045,98.5766
8.05,98.6541
8.055,98.7315
8.06,98.8089
8.065,98.8863
8.07,98.9637
8.075,99.041
8.08,99.1182
8.085,99.1953
8.09,99.2723
8.095,99.3491
8.1,99.4259
8.105,99.5025
8.11,99.5789
8.115,99.6553
8.12,99.7315
8.125,99.8075
8.13,99.8834
8.135,99.9593
8.14,100.035
8.145,100.111
8.15,100.186
8.155,100.261
8.16,100.337
8.165,100.412
8.17,100.487
8.175,100.562
8.18,100.637
8.185,100.713
8.19,100.788
8.195,100.863
8.2,100.938
8.205,101.013
8.21,101.088
8.215,101.163
8.22,101.239
8.225,101.314
8.23,101.389
8.235,101.464
8.24,101.54
8.245,101.615
8.25,101.69
8.255,101.766
8.26,101.841
8.265,101.916
8.27,101.992
8.275,102.067
8.28,102.143
8.285,102.218
8.29,102.294
8.295,102.369
8.3,102.445
8.305,102.52
8.31,102.595
8.315,102.671
8.32,102.746
8.325,102.822
8.33,102.897
8.335,102.972
8.34,103.047
8.345,103.122
8.35,103.197
8.355,103.272
8.36,103.347
8.365,103.422
8.37,103.496
8.375,103.571
8.38,103.646
8.385,103.721
8.39,103.795
8.395,103.87
8.4,103.945
8.405,104.019
8.41,104.094
8.415,104.168
8.42,104.243
8.425,104.317
8.43,104.391
8.435,104.466
8.44,104.54
8.445,104.614
8.45,104.689
8.455,104.763
8.46,104.837
8.465,104.911
8.47,104.985
8.475,105.059
8.48,105.133
8.485,105.207
8.49,105.28
8.495,105.354
8.5,105.427
8.505,105.501
8.51,105.574
8.515,105.647
8.52,105.72
8.525,105.792
8.53,105.865
8.535,105.937
8.54,106.01
8.545,106.082
8.55,106.154
8.555,106.227
8.56,106.299
8.565,106.371
8.57,106.443
8.575,106.514
8.58,106.586
8.585,106.657
8.59,106.729
8.595,106.8
8.6,106.871
8.605,106.942
8.61,107.013
8.615,107.084
8.62,107.154
8.625,107.225
8.63,107.295
8.635,107.366
8.64,107.436
8.645,107.507
8.65,107.577
8.655,107.648
8.66,107.718
8.665,107.789
8.67,107.86
8.675,107.931
8.68,108.001
8.685,108.072
8.69,108.143
8.695,108.215
8.7,108.286
8.705,108.357
8.71,108.429
8.715,108.5
8.72,108.572
8.725,108.643
8.73,108.714
8.735,108.786
8.74,108.857
8.745,108.929
8.75,109
8.755,109.072
8.76,109.143
8.765,109.215
8.77,109.287
8.775,109.358
8.78,109.43
8.785,109.502
8.79,109.573
8.795,109.645
8.8,109.717
8.805,109.789
8.81,109.86
8.815,109.932
8.82,110.004
8.825,110.076
8.83,110.148
8.835,110.22
8.84,110.292
8.845,110.364
8.85,110.437
8.855,110.509
8.86,110.582
8.865,110.654
8.87,110.727
8.875,110.8
8.88,110.873
8.885,110.947
8.89,111.02
8.895,111.093
8.9,111.167
8.905,111.24
8.91,111.314
8.915,111.388
8.92,111.462
8.925,111.536
8.93,111.61
8.935,111.684
8.94,111.758
8.945,111.832
8.95,111.906
8.955,111.98
8.96,112.054
8.965,112.127
8.97,112.201
8.975,112.275
8.98,112.348
8.985,112.422
8.99,112.495
8.995,112.568
9,112.641
9.005,112.714
9.01,112.786
9.015,112.859
9.02,112.931
9.025,113.003
9.03,113.076
9.035,113.148
9.04,113.22
9.045,113.292
9.05,113.364
9.055,113.435
9.06,113.507
9.065,113.579
9.07,113.651
9.075,113.723
9.08,113.794
9.085,113.866
9.09,113.938
9.095,114.009
9.1,114.081
9.105,114.152
9.11,114.223
9.115,114.295
9.12,114.366
9.125,114.437
9.13,114.508
9.135,114.579
9.14,114.65
9.145,114.721
9.15,114.792
9.155,114.863
9.16,114.934
9.165,115.005
9.17,115.077
9.175,115.148
9.18,115.22
9.185,115.291
9.19,115.363
9.195,115.435
9.2,115.507
9.205,115.579
9.21,115.651
9.215,115.723
9.22,115.795
9.225,115.867
9.23,115.939
9.235,116.012
9.24,116.084
9.245,116.157
9.25,116.23
9.255,116.302
9.26,116.375
9.265,116.448
9.27,116.52
9.275,116.593
9.28,116.666
9.285,116.739
9.29,116.812
9.295,116.885
9.3,116.958
9.305,117.031
9.31,117.104
9.315,117.177
9.32,117.251
9.325,117.324
9.33,117.397
9.335,117.471
9.34,117.544
9.345,117.618
9.35,117.691
9.355,117.765
9.36,117.839
9.365,117.912
9.37,117.986
9.375,118.06
9.38,118.133
9.385,118.207
9.39,118.281
9.395,118.354
9.4,118.427
9.405,118.501
9.41,118.574
9.415,118.647
9.42,118.72
9.425,118.793
9.43,118.866
9.435,118.939
9.44,119.012
9.445,119.085
9.45,119.158
9.455,119.231
9.46,119.305
9.465,119.378
9.47,119.451
9.475,119.524
9.48,119.598
9.485,119.671
9.49,119.745
9.495,119.818
9.5,119.892
9.505,119.965
9.51,120.039
9.515,120.112
9.52,120.185
9.525,120.258
9.53,120.331
9.535,120.404
9.54,120.477
9.545,120.55
9.55,120.623
9.555,120.696
9.56,120.769
9.565,120.842
9.57,120.914
9.575,120.987
9.58,121.06
9.585,121.132
9.59,121.205
9.595,121.278
9.6,121.35
9.605,121.423
9.61,121.496
9.615,121.568
9.62,121.641
9.625,121.713
9.63,121.785
9.635,121.858
9.64,121.93
9.645,122.002
9.65,122.074
9.655,122.146
9.66,122.218
9.665,122.29
9.67,122.361
9.675,122.433
9.68,122.505
9.685,122.577
9.69,122.649
9.695,122.72
9.7,122.792
9.705,122.864
9.71,122.936
9.715,123.008
9.72,123.079
9.725,123.151
9.73,123.223
9.735,123.295
9.74,123.367
9.745,123.439
9.75,123.51
9.755,123.582
9.76,123.653
9.765,123.724
9.77,123.795
9.775,123.866
9.78,123.937
9.785,124.007
9.79,124.078
9.795,124.148
9.8,124.218
9.805,124.288
9.81,124.358
9.815,124.428
9.82,124.498
9.825,124.568
9.83,124.639
9.835,124.709
9.84,124.779
9.845,124.849
9.85,124.92
9.855,124.99
9.86,125.061
9.865,125.131
9.87,125.201
9.875,125.272
9.88,125.343
9.885,125.413
9.89,125.484
9.895,125.554
9.9,125.625
9.905,125.696
9.91,125.767
9.915,125.838
9.92,125.909
9.925,125.98
9.93,126.051
9.935,126.122
9.94,126.194
9.945,126.265
9.95,126.336
9.955,126.408
9.96,126.479
9.965,126.551
9.97,126.622
9.975,126.694
9.98,126.765
9.985,126.837
9.99,126.908
9.995,126.979
10,127.05
